{"cameraMode":{"drawMode":0,"name":"Shaded","section":"Shading Mode"},"sceneLighting":true,"audioPlay":false,"sceneViewState":{"m_AlwaysRefresh":false,"showFog":true,"showSkybox":true,"showFlares":true,"showImageEffects":true,"showParticleSystems":true,"showVisualEffectGraphs":true,"m_FxEnabled":false},"in2DMode":false,"pivot":{"x":35.12792205810547,"y":-23.588083267211915,"z":67.02991485595703},"rotation":{"x":-0.11186215281486511,"y":-0.28997689485549929,"z":0.03331180661916733,"w":-0.9501474499702454},"size":106.01530456542969,"orthographic":false}