{"cameraMode":{"drawMode":0,"name":"Shaded","section":"Shading Mode"},"sceneLighting":false,"audioPlay":false,"sceneViewState":{"m_AlwaysRefresh":false,"showFog":true,"showSkybox":false,"showFlares":true,"showImageEffects":true,"showParticleSystems":true,"showVisualEffectGraphs":true,"m_FxEnabled":false},"in2DMode":false,"pivot":{"x":-45.550209045410159,"y":-0.6964113712310791,"z":0.06004929542541504},"rotation":{"x":0.1104486808180809,"y":-0.07595358788967133,"z":0.008482890203595162,"w":0.9909544587135315},"size":2.0473830699920656,"orthographic":false}