{"cameraMode":{"drawMode":0,"name":"Shaded","section":"Shading Mode"},"sceneLighting":false,"audioPlay":false,"sceneViewState":{"m_AlwaysRefresh":false,"showFog":true,"showSkybox":false,"showFlares":true,"showImageEffects":true,"showParticleSystems":true,"showVisualEffectGraphs":true,"m_FxEnabled":false},"in2DMode":false,"pivot":{"x":-0.12384414672851563,"y":0.2555513381958008,"z":0.12380218505859375},"rotation":{"x":0.22456981241703034,"y":-0.0029210946522653105,"z":0.0006794618675485253,"w":0.9744656682014465},"size":13.15064811706543,"orthographic":false}