{"cameraMode":{"drawMode":0,"name":"Shaded","section":"Shading Mode"},"sceneLighting":true,"audioPlay":false,"sceneViewState":{"m_AlwaysRefresh":false,"showFog":true,"showSkybox":true,"showFlares":true,"showImageEffects":true,"showParticleSystems":true,"showVisualEffectGraphs":true,"m_FxEnabled":true},"in2DMode":false,"pivot":{"x":-0.3883996605873108,"y":-9.47433090209961,"z":75.5992202758789},"rotation":{"x":-0.11375167220830918,"y":0.006255371030420065,"z":-0.0007168715237639844,"w":-0.993493914604187},"size":498.65362548828127,"orthographic":false}