{"cameraMode":{"drawMode":0,"name":"Shaded","section":"Shading Mode"},"sceneLighting":true,"audioPlay":false,"sceneViewState":{"m_AlwaysRefresh":false,"showFog":true,"showSkybox":true,"showFlares":true,"showImageEffects":true,"showParticleSystems":true,"showVisualEffectGraphs":true,"m_FxEnabled":false},"in2DMode":false,"pivot":{"x":-8.171453475952149,"y":-22.291929244995118,"z":74.46427154541016},"rotation":{"x":0.17016538977622987,"y":0.005912475287914276,"z":-0.0010209486354142428,"w":0.9853993058204651},"size":64.64374542236328,"orthographic":false}