{"cameraMode":{"drawMode":0,"name":"Shaded","section":"Shading Mode"},"sceneLighting":true,"audioPlay":false,"sceneViewState":{"m_AlwaysRefresh":false,"showFog":true,"showSkybox":true,"showFlares":true,"showImageEffects":true,"showParticleSystems":true,"showVisualEffectGraphs":true,"m_FxEnabled":false},"in2DMode":false,"pivot":{"x":-1.7087446451187134,"y":-25.096721649169923,"z":119.89850616455078},"rotation":{"x":-0.14943160116672517,"y":-0.011570177040994168,"z":0.0017670055385679007,"w":-0.9887242913246155},"size":88.09663391113281,"orthographic":false}