{"cameraMode":{"drawMode":0,"name":"Shaded","section":"Shading Mode"},"sceneLighting":true,"audioPlay":false,"sceneViewState":{"m_AlwaysRefresh":false,"showFog":true,"showSkybox":true,"showFlares":true,"showImageEffects":true,"showParticleSystems":true,"showVisualEffectGraphs":true,"m_FxEnabled":false},"in2DMode":false,"pivot":{"x":-6.988948822021484,"y":2.551131248474121,"z":-5.069264888763428},"rotation":{"x":-0.031439635902643207,"y":-0.05964021384716034,"z":0.0018758310470730067,"w":-0.997749388217926},"size":11.532751083374024,"orthographic":false}